# atom_idx	atom_name	element	sigma_iso	shift_ppm
0	C1x	C	163.541322	-37.495150
1	C2x	C	118.997223	7.048949
2	O1x	O	293.487410	nan
3	H1x	H	30.548229	-1.769396
4	H2x	H	30.917055	-2.138222
5	H3x	H	30.291689	-1.512857
6	H4x	H	28.113334	0.665499
7	H5x	H	27.410041	1.368792
8	H6x	H	31.454118	-2.675285
