# atom_idx	atom_name	element	sigma_iso	shift_ppm
0	C1x	C	161.219651	-35.173479
1	C2x	C	116.898434	9.147738
2	O1x	O	267.118648	nan
3	H1x	H	30.922167	-2.143334
4	H2x	H	30.487332	-1.708499
5	H3x	H	30.763006	-1.984174
6	H4x	H	28.159428	0.619404
7	H5x	H	27.850288	0.928545
8	H6x	H	31.902687	-3.123854
