# atom_idx	atom_name	element	sigma_iso	shift_ppm
0	C1x	C	161.219651	21.126511
1	C2x	C	116.898434	65.447728
2	O1x	O	267.118648	nan
3	H1x	H	30.922167	0.971081
4	H2x	H	30.487332	1.405915
5	H3x	H	30.763006	1.130241
6	H4x	H	28.159428	3.733819
7	H5x	H	27.850288	4.042960
8	H6x	H	31.902687	-0.009439
