# atom_idx	atom_name	element	sigma_iso	shift_ppm
0	C1x	C	161.677161	20.669001
1	C2x	C	117.894149	64.452013
2	O1x	O	273.220223	nan
3	H1x	H	30.545244	1.348004
4	H2x	H	30.754215	1.139032
5	H3x	H	30.755934	1.137314
6	H4x	H	28.140233	3.753014
7	H5x	H	28.254226	3.639021
8	H6x	H	31.538015	0.355232
