# i	j	label_i	label_j	J_Hz
0	1	H4	H5	-0.000000
0	2	H4	H6	0.000000
0	3	H4	H7	0.000000
0	4	H4	H8	0.000000
0	5	H4	H9	0.000000
1	2	H5	H6	0.000000
1	3	H5	H7	-0.000000
1	4	H5	H8	-0.000000
1	5	H5	H9	-0.000000
2	3	H6	H7	0.000000
2	4	H6	H8	-0.000000
2	5	H6	H9	0.000000
3	4	H7	H8	-0.000000
3	5	H7	H9	0.000000
4	5	H8	H9	0.000000
