# atom_idx	atom_name	element	sigma_iso	shift_ppm
0	C1x	C	161.677161	-35.630989
1	C2x	C	117.894149	8.152023
2	O1x	O	273.220223	nan
3	H1x	H	30.545244	-1.766411
4	H2x	H	30.754215	-1.975382
5	H3x	H	30.755934	-1.977101
6	H4x	H	28.140233	0.638599
7	H5x	H	28.254226	0.524607
8	H6x	H	31.538015	-2.759183
