# atom_idx	atom_name	element	sigma_iso	shift_ppm
0	C1x	C	177.153967	16.746069
1	C2x	C	137.701508	56.198528
2	O1x	O	313.103090	nan
3	H1x	H	30.317027	1.299969
4	H2x	H	30.819487	0.797509
5	H3x	H	30.097517	1.519479
6	H4x	H	28.224814	3.392182
7	H5x	H	27.352329	4.264667
8	H6x	H	31.444665	0.172331
