# cid	energy_Ha
0	-155.105422684928
1	-155.101626154928
2	-155.107111953388
