# cid	energy_Ha
0	-155.109602617123
1	-155.105610716222
2	-155.111368138835
