# cid	energy_Ha
0	-154.741057821911
1	-154.736742062402
2	-154.742896012356
