# cid	energy_Ha
0	-1073.750000319710
1	-1073.734297320516
2	-1073.733933955430
