# cid	energy_Ha
0	-1072.601428288931
1	-1072.586990504878
2	-1072.587433842231
