# cid	energy_Ha
0	-1071.406936375015
1	-1071.391639658703
2	-1071.391968158800
